drop database if exists журнал;
CREATE DATABASE IF NOT EXISTS журнал;
USE журнал;

CREATE TABLE IF NOT EXISTS специальность (
    id_специальность TINYINT NOT NULL AUTO_INCREMENT,
    название VARCHAR(255) NOT NULL,
    PRIMARY KEY (id_специальность)
);

CREATE TABLE IF NOT EXISTS факультет (
    id_факультет TINYINT NOT NULL AUTO_INCREMENT,
    название VARCHAR(255) NOT NULL,
    PRIMARY KEY (id_факультет)
);

CREATE TABLE IF NOT EXISTS профиль (
    специальность TINYINT NOT NULL,
    факультет TINYINT NOT NULL,
    название VARCHAR(255) NOT NULL,
    PRIMARY KEY (специальность, факультет),
    FOREIGN KEY (специальность) REFERENCES специальность(id_специальность),
    FOREIGN KEY (факультет) REFERENCES факультет(id_факультет)
);

CREATE TABLE IF NOT EXISTS учебный_план (
    специальность TINYINT NOT NULL,
    факультет TINYINT NOT NULL,
    год YEAR NOT NULL,
    PRIMARY KEY (специальность, факультет, год),
    FOREIGN KEY (специальность, факультет) REFERENCES профиль(специальность, факультет)
);

CREATE TABLE IF NOT EXISTS дисциплина (
    id_дисциплина SMALLINT NOT NULL AUTO_INCREMENT,
    название VARCHAR(255) NOT NULL,
    PRIMARY KEY (id_дисциплина)
);

CREATE TABLE IF NOT EXISTS тип_занятия (
    id_тип_занятия TINYINT NOT NULL AUTO_INCREMENT,
    название VARCHAR(255) NOT NULL,
    часы TINYINT NOT NULL,
    PRIMARY KEY (id_тип_занятия)
);

CREATE TABLE IF NOT EXISTS дисциплина_в_плане (
    специальность TINYINT NOT NULL,
    факультет TINYINT NOT NULL,
    год YEAR NOT NULL,
    семестр TINYINT NOT NULL,
    часы TINYINT NOT NULL,
    дисциплина SMALLINT NOT NULL,
    тип_занятия TINYINT NOT NULL,
    PRIMARY KEY (специальность, факультет, год, дисциплина, тип_занятия, семестр),
    FOREIGN KEY (специальность, факультет, год) REFERENCES учебный_план(специальность, факультет, год),
    FOREIGN KEY (дисциплина) REFERENCES дисциплина(id_дисциплина),
    FOREIGN KEY (тип_занятия) REFERENCES тип_занятия(id_тип_занятия)
);

CREATE TABLE IF NOT EXISTS преподаватель (
    id_преподаватель SMALLINT NOT NULL AUTO_INCREMENT,
    фио VARCHAR(255) NOT NULL,
    PRIMARY KEY (id_преподаватель)
);

CREATE TABLE IF NOT EXISTS группа (
    id_группа SMALLINT NOT NULL AUTO_INCREMENT,
    название VARCHAR(255) NOT NULL,
    староста INT NULL,
    куратор SMALLINT NULL,
    специальность TINYINT NOT NULL,
    факультет TINYINT NOT NULL,
    год YEAR NOT NULL,
    PRIMARY KEY (id_группа),
    FOREIGN KEY (специальность, факультет, год) REFERENCES учебный_план(специальность, факультет, год),
    FOREIGN KEY (куратор) REFERENCES преподаватель(id_преподаватель)

);

CREATE TABLE IF NOT EXISTS студент (
    фио VARCHAR(255) NOT NULL,
    год_рождения YEAR NOT NULL,
    год_поступления YEAR NOT NULL,
    адрес VARCHAR(255) NOT NULL,
    телефон VARCHAR(255) NOT NULL,
    номер_студенческого_билета INT NOT NULL,
    группа SMALLINT NOT NULL,
    PRIMARY KEY (номер_студенческого_билета),
    FOREIGN KEY (группа) REFERENCES группа(id_группа)
);

CREATE TABLE IF NOT EXISTS занятие_у_преподавателя (
    специальность TINYINT NOT NULL,
    факультет TINYINT NOT NULL,
    год YEAR NOT NULL,
    дисциплина SMALLINT NOT NULL,
	тип_занятия TINYINT NOT NULL,
	семестр TINYINT NOT NULL,
    преподаватель SMALLINT NOT NULL,
    группа SMALLINT NOT NULL,
    PRIMARY KEY (специальность, факультет, год, дисциплина, тип_занятия, преподаватель, группа, семестр),
    FOREIGN KEY (специальность, факультет, год, дисциплина, тип_занятия, семестр) REFERENCES дисциплина_в_плане(специальность, факультет, год, дисциплина, тип_занятия, семестр),
    FOREIGN KEY (преподаватель) REFERENCES преподаватель(id_преподаватель),
    FOREIGN KEY (группа) REFERENCES группа(id_группа)
);

CREATE TABLE IF NOT EXISTS занятие (
    специальность TINYINT NOT NULL,
    факультет TINYINT NOT NULL,
	семестр TINYINT NOT NULL,
    год YEAR NOT NULL,
    дисциплина SMALLINT NOT NULL,
    тип_занятия TINYINT NOT NULL,
    преподаватель SMALLINT NOT NULL,
    группа SMALLINT NOT NULL,
    дата DATE NOT NULL,
    пара SMALLINT NOT NULL,
	тема VARCHAR(255) NOT NULL,
    PRIMARY KEY (дата, специальность, факультет, год, дисциплина, тип_занятия, преподаватель, группа, семестр, пара),
    FOREIGN KEY (специальность, факультет, год, дисциплина, тип_занятия, преподаватель, группа, семестр) 
		REFERENCES занятие_у_преподавателя(специальность, факультет, год, дисциплина, тип_занятия, преподаватель, группа, семестр)
);

CREATE TABLE IF NOT EXISTS посещение (
    номер_студенческого_билета INT NOT NULL,
    дата DATE NOT NULL,
	пара SMALLINT NOT NULL,
	семестр TINYINT NOT NULL,
    специальность TINYINT NOT NULL,
    факультет TINYINT NOT NULL,
    год YEAR NOT NULL,
    дисциплина SMALLINT NOT NULL,
    тип_занятия TINYINT NOT NULL,
    преподаватель SMALLINT NOT NULL,
    группа SMALLINT NOT NULL,
    отсутствие BOOLEAN NOT NULL,
    уважительно BOOLEAN,
    PRIMARY KEY (номер_студенческого_билета, дата, специальность, факультет, год, дисциплина, тип_занятия, преподаватель, группа, семестр, пара),
    FOREIGN KEY (номер_студенческого_билета) REFERENCES студент(номер_студенческого_билета),
    FOREIGN KEY (дата, специальность, факультет, год, дисциплина, тип_занятия, преподаватель, группа, семестр, пара) 
		REFERENCES занятие(дата, специальность, факультет, год, дисциплина, тип_занятия, преподаватель, группа, семестр, пара)

);

alter table группа
add foreign key(староста) references студент(номер_студенческого_билета);


-- Заполнение таблиц

	
insert into специальность (название) values
	("09.03.04"),
	("09.03.03"),
	("09.03.02"),
	("45.03.01");

insert into факультет (название) values
	("ИПАИТ"),
	("ИФил"),
	("ФизМат");

insert into профиль values
    (1, 1, "Индустриальное производство программного обеспечения"),
    (4, 2, "Славянская филология"),
    (2, 1, "Что-то прикладное и информативное"),
    (2, 3, "Что-то математическое");

insert into учебный_план values
    (1, 1, 2022),
    (4, 2, 2022),
    (2, 1, 2020),
    (2, 3, 2023);

insert into дисциплина (название) values
    ("Базы данных"),
    ("Операционные системы"),
    ("Архитектура ЭВМ и систем"),
    ("Древнерусский язык"),
    ("Риторика"),
    ("Математика"),
    ("Английский язык"),
    ("Философия"),
    ("Культура речи");

insert into тип_занятия (название, часы) values
    ("Лекция", 2),
    ("Лабораторная", 4),
    ("Практика", 2);

INSERT INTO дисциплина_в_плане (специальность, факультет, год, дисциплина, тип_занятия, семестр, часы) VALUES

    (1, 1, 2022, 2, 1, 1, 46),
	(1, 1, 2022, 2, 2, 1, 28),
	(1, 1, 2022, 2, 1, 2, 60),
	(1, 1, 2022, 2, 2, 2, 46),
	
	(1, 1, 2022, 1, 1, 3, 28),
	(1, 1, 2022, 1, 2, 3, 40),
	(1, 1, 2022, 1, 1, 4, 40),
	(1, 1, 2022, 1, 2, 4, 40),
	
	(2, 1, 2020, 2, 1, 1, 44),
	(2, 1, 2020, 2, 2, 1, 40),
	(2, 1, 2020, 2, 1, 2, 28),
	(2, 1, 2020, 2, 2, 2, 36),
	
	(1, 1, 2022, 7, 3, 3, 44),
	(1, 1, 2022, 7, 3, 4, 44),
	(2, 1, 2020, 9, 3, 1, 28),
	(2, 1, 2020, 9, 3, 2, 36),
	(1,1,2022,6,3,3,45),
	(1,1,2022,6,1,3,45),
	(1,1,2022,8,3,3,45);

INSERT into преподаватель (фио) VALUES
	("Рыженков Денис Викторович"),
	("Лукьянов Павел Вадимович"),
	("Гришанова Валентина Никитична"),
	("Попова Анна Растиславовна"),
	("Семенова Галина Александровна");
	
INSERT into группа (название, староста, куратор, специальность, факультет, год) VALUES
	("22ПГ", null, 2, 1, 1, 2022),
	("21ФЛ", null, 3, 4, 2, 2022),
	("01ПИц", null, 1, 2, 1, 2020);
	
INSERT into студент (номер_студенческого_билета, фио, год_рождения, год_поступления, адрес, телефон, группа) VALUES
	(220894, "Кужелев А. М.", 2004, 2022, "Картукова 17", "+7-905-167-10-87", 1),
	(221722, "Кобзева К. Ю.", 2004, 2022, "Естина 31", "+7-910-309-66-81", 2),
	(200714, "Кужелев А. М.", 2001, 2020, "Емлютина 14", "+7-962-478-63-12", 3),
	(220895, "Глушков А. Д.", 2004, 2022, "Картукова 13", "+7-906-168-21-87", 1);
INSERT into занятие_у_преподавателя (специальность, факультет, год, дисциплина, тип_занятия, семестр, преподаватель, группа) VALUES
	(1, 1, 2022, 2, 1, 1, 1, 1),
	(1, 1, 2022, 2, 2, 1, 1, 1),
	(1, 1, 2022, 2, 1, 2, 1, 1),
	(1, 1, 2022, 2, 2, 2, 1, 1),
	
	(1, 1, 2022, 1, 1, 3, 1, 1),
	(1, 1, 2022, 1, 2, 3, 1, 1),
	(1, 1, 2022, 1, 1, 4, 1, 1),
	(1, 1, 2022, 1, 2, 4, 1, 1),
	
	(2, 1, 2020, 2, 1, 1, 1, 3),
	(2, 1, 2020, 2, 2, 1, 1, 3),
	(2, 1, 2020, 2, 1, 2, 1, 3),
	(2, 1, 2020, 2, 2, 2, 1, 3),
	
	(1, 1, 2022, 7, 3, 3, 5, 1),
	(1, 1, 2022, 7, 3, 4, 5, 1),
	(2, 1, 2020, 9, 3, 1, 5, 3),
	(2, 1, 2020, 9, 3, 2, 5, 3);
	
INSERT into занятие (специальность, факультет, год, дисциплина, тип_занятия, семестр, преподаватель, группа, дата, тема, пара) VALUES
	(1, 1, 2022, 1, 2, 3, 1, 1, '2023-10-12', "тема 1", 1),
	(1, 1, 2022, 1, 2, 3, 1, 1, '2023-10-12', "тема 0", 2),
	(1, 1, 2022, 1, 2, 4, 1, 1, '2024-02-13', "тема 2", 4),
	(2, 1, 2020, 2, 1, 1, 1, 3, '2022-10-12', "тема 5", 1),
	(2, 1, 2020, 2, 2, 1, 1, 3, '2023-10-15', "тема 6", 1),
	(2, 1, 2020, 2, 1, 2, 1, 3, '2022-01-11', "тема 7", 2),
	(2, 1, 2020, 2, 2, 2, 1, 3, '2023-02-22', "тема 8", 2),
	
	(1, 1, 2022, 7, 3, 3, 5, 1, '2023-10-05', "тема 9", 1),
	(1, 1, 2022, 7, 3, 4, 5, 1, '2024-02-08', "тема 10", 3),
	(2, 1, 2020, 9, 3, 1, 5, 3, '2023-09-21', "тема 11", 2),
	(2, 1, 2020, 9, 3, 2, 5, 3, '2024-03-02', "тема 12", 5);

INSERT into посещение (специальность, факультет, год, дисциплина, тип_занятия, семестр, преподаватель, группа, дата, пара, отсутствие, уважительно, номер_студенческого_билета) VALUES
	(1, 1, 2022, 1, 2, 3, 1, 1, '2023-10-12', 1, 0, null, 220894),
	(1, 1, 2022, 1, 2, 3, 1, 1, '2023-10-12', 2, 1, 0, 220894),
    
	(1, 1, 2022, 1, 2, 4, 1, 1, '2024-02-13', 4, 1, 1, 220894),
	(2, 1, 2020, 2, 1, 1, 1, 3, '2022-10-12', 1, 1, 1, 200714),
	(2, 1, 2020, 2, 2, 1, 1, 3, '2023-10-15', 1, 1, 0, 200714),
	(2, 1, 2020, 2, 1, 2, 1, 3, '2022-01-11', 2, 0, null, 200714),
	(2, 1, 2020, 2, 2, 2, 1, 3, '2023-02-22', 2, 1, null, 200714),
	
	(1, 1, 2022, 7, 3, 3, 5, 1, '2023-10-05', 1, 1, 1, 220895),
	(1, 1, 2022, 7, 3, 4, 5, 1, '2024-02-08', 3, 1, 0, 220895),
	(2, 1, 2020, 9, 3, 1, 5, 3, '2023-09-21', 2, 0, null, 220895),
	(2, 1, 2020, 9, 3, 2, 5, 3, '2024-03-02', 5, 1, 0, 220894);
	
UPDATE группа SET староста = 220894 WHERE (id_группа = 1);
UPDATE группа SET староста = 200714 WHERE (id_группа = 3);
UPDATE группа SET староста = 221722 WHERE (id_группа = 2);

update дисциплина set название = "Этика" where дисциплина.id_дисциплина = 8;

update студент set фио = "Кужелев Александр Максимович" where номер_студенческого_билета = 220894;
update студент set фио = "Кужелев Алексей Максимович" where номер_студенческого_билета = 200714;
update студент set фио = "Глушков Александр Дмитриевич" where номер_студенческого_билета = 220895;
update студент set фио = "Кобзева Кристина Юрьевна" where номер_студенческого_билета = 221722;
